Log n,Zeta,Delta,Omega,K,Tau,Eta,Threshold M
189.27659129310751,0.8038893261608455,0.04539737713628135,1.47032747393191,84.31735845913083,0.487904661147198,0.007796201068497075,-0.00606
196.69872999936422,0.8004653630707814,0.04192529007067121,0.926574272815734,25.741849180134395,0.512600066983243,0.1168721768832291,-0.01035
191.73673526887308,0.796167890887713,0.04041359609126628,0.907069065072076,27.07134010995813,0.512033207597409,0.1099080157118608,-0.01104
