Log n,Zeta,Delta,Omega,K,Tau,Eta,Threshold M
189.80002008525116,0.8039077615029213,0.04427442882670378,1.482061342700993,84.5262208566671,0.487848572257193,0.007615425473565973,-0.00612
189.84918103944446,0.8039990312837633,0.04428224435653951,1.482431350114056,84.56431231433456,0.487659717713236,0.007615236719605971,-0.00612
189.79998436030547,0.8039077262709224,0.04427442911752813,1.482061363562091,84.52622204643555,0.487848567730175,0.007615425580758669,-0.00612
